steamid,nJuegos,Indie,Action,Adventure,Strategy,Simulation,RPG,Free to Play,Early Access,Massively Multiplayer,Sports,Violent,Racing,Multiplayer,Singleplayer,Gore,Puzzle,Horror,Shooter,FPS,First-Person,Survival,Difficult,Rogue-like,Platformer,Turn-Based Strategy,Psychological Horror,Action RPG,RTS,MMORPG,JRPG,Zombies
76561197960265729,35,6,32,8,2,0,1,2,1,0,0,1,0,24,14,3,2,2,29,30,29,1,0,0,1,0,0,0,0,0,0,4
76561197960265730,290,85,107,90,55,61,33,51,23,6,8,2,8,98,84,4,17,8,49,48,66,18,9,3,6,14,1,1,2,4,0,7
76561197960265731,330,72,157,84,72,68,32,56,28,7,21,4,15,143,96,11,9,11,67,63,71,27,11,3,4,17,2,2,10,0,0,11
76561197960265733,455,191,224,156,76,70,79,62,30,9,11,7,14,147,151,12,41,21,70,71,91,32,19,13,35,14,7,13,6,4,2,18
76561197960265734,15,0,15,2,0,0,0,0,1,1,1,0,1,13,5,0,0,1,14,14,12,2,0,0,0,0,0,0,0,0,0,2
76561197960265735,30,0,26,9,1,0,4,0,0,1,0,0,0,17,15,0,2,4,24,25,28,1,0,0,1,1,0,0,1,1,0,4
76561197960265738,268,92,122,84,24,31,24,56,12,5,12,5,8,85,67,4,29,9,48,48,52,8,14,6,20,4,2,2,0,1,0,8
76561197960265741,20,1,20,6,0,1,0,4,0,0,0,0,0,13,8,1,1,0,18,20,20,0,0,0,1,0,0,0,0,0,0,1
76561197960265743,312,75,136,75,31,26,29,51,12,2,11,5,6,94,83,7,38,12,62,60,61,6,7,4,13,10,4,4,8,1,0,10
76561197960265744,146,36,89,67,17,20,14,9,13,3,3,1,3,53,85,6,17,14,41,38,64,30,1,2,11,1,2,2,0,0,0,11
76561197960265745,67,11,47,23,4,4,16,4,1,0,0,0,1,24,36,2,4,9,32,32,40,6,3,1,2,1,1,1,0,0,0,4
76561197960265747,276,54,163,79,28,28,28,18,22,12,13,7,10,115,99,13,32,17,68,60,67,26,11,3,18,5,2,5,3,4,1,15
76561197960265748,25,0,25,6,0,0,0,1,0,0,0,0,0,17,13,0,1,2,24,24,24,1,0,0,1,0,0,0,0,0,0,4
76561197960265749,6493,2820,2671,1906,1255,1233,936,106,534,77,313,189,218,1003,1679,223,504,339,497,443,484,233,227,144,342,188,125,86,194,16,80,160
76561197960265751,1,1,1,0,0,1,0,0,0,0,0,0,0,0,1,0,0,0,0,0,0,0,0,0,0,0,0,0,0,0,0,0
76561197960265753,1,1,1,0,0,0,0,1,0,1,0,0,0,1,1,0,0,0,1,0,0,0,0,0,1,0,0,0,0,0,0,0
76561197960265754,1636,740,859,575,384,272,401,86,103,36,15,32,23,427,686,62,118,62,256,240,257,87,91,128,111,66,16,40,68,7,39,33
76561197960265755,17,0,17,4,0,0,0,0,0,0,0,0,0,12,8,0,0,0,17,17,17,0,0,0,0,0,0,0,0,0,0,2
76561197960265756,26,0,23,6,1,2,0,1,1,1,1,0,1,18,12,0,1,1,21,22,22,1,0,0,1,0,0,0,0,0,0,2
76561197960265767,42,4,36,9,1,2,2,8,0,0,0,0,1,27,15,0,4,2,29,29,32,3,1,0,3,0,0,0,0,0,0,4
76561197960265778,611,157,409,175,84,60,76,53,13,17,10,13,20,211,263,36,74,51,201,190,156,30,13,1,37,9,7,2,8,3,2,53
76561197960265779,77,5,63,22,8,2,11,10,3,6,2,0,2,43,37,0,4,6,37,35,37,7,2,0,3,2,0,4,1,2,0,9
76561197960265781,368,83,251,118,55,19,86,26,3,11,2,12,6,136,194,25,21,42,121,114,98,19,21,10,26,9,8,9,7,4,13,22
76561197960265792,27,1,25,7,0,1,0,2,0,0,0,0,0,18,12,0,2,2,25,25,27,2,0,0,1,0,0,0,0,0,0,4
76561197960265793,337,184,222,86,65,33,57,49,17,10,11,5,18,141,135,12,43,19,92,79,73,8,22,12,40,6,2,6,13,1,6,13
76561197960265796,49,4,41,8,4,6,2,3,0,0,3,0,7,35,24,1,1,3,28,31,26,1,2,0,2,0,1,1,1,0,0,3
76561197960265806,203,10,106,26,53,22,22,14,7,7,14,6,2,83,79,6,3,13,66,69,55,14,9,2,3,26,3,2,1,1,0,10
76561197960265817,57,1,37,11,23,1,3,2,0,1,1,0,1,43,24,2,1,5,23,23,24,3,0,0,1,11,0,1,19,0,0,6
76561197960265822,326,33,256,103,39,19,72,20,10,14,7,8,16,138,176,18,16,34,115,103,95,23,8,2,14,3,5,16,12,2,0,32
76561197960265823,41,7,35,9,0,2,2,3,0,0,1,3,1,24,18,3,1,3,24,24,26,3,0,0,0,0,0,0,0,0,0,3
76561197960265826,66,8,56,14,5,2,4,6,1,2,2,1,2,39,36,2,3,2,40,38,36,2,1,1,2,0,0,1,1,0,0,8
76561197960265836,125,6,100,25,6,10,16,11,0,4,0,1,1,50,77,7,6,22,77,82,72,5,0,0,3,0,2,0,0,4,0,10
76561197960265838,509,93,245,117,95,83,58,41,24,13,18,8,11,182,182,25,35,23,104,98,92,24,13,4,11,13,6,11,31,3,1,21
76561197960265839,235,55,137,114,33,18,50,10,3,3,3,6,2,63,150,14,29,23,59,51,50,10,18,6,20,11,4,9,1,0,13,11
76561197960265841,37,0,31,6,7,2,2,1,0,0,0,0,0,22,19,0,1,3,26,26,26,1,0,0,1,2,0,0,3,0,0,5
76561197960265844,129,43,83,38,21,13,19,5,0,1,6,1,8,52,74,7,15,13,42,41,43,4,7,3,22,2,1,3,5,0,0,6
76561197960265847,10,0,10,2,0,0,0,0,0,0,0,0,0,8,5,0,0,0,10,10,10,0,0,0,0,0,0,0,0,0,0,1
76561197960265849,12,0,11,3,0,0,0,0,0,0,0,0,0,8,5,0,0,0,11,10,10,0,0,0,0,0,0,0,0,0,0,1
76561197960265851,165,24,119,28,37,12,17,10,4,7,1,5,0,73,68,12,6,12,70,78,55,13,4,0,4,9,2,2,11,0,2,14
76561197960265854,119,29,74,42,14,30,19,2,0,2,1,2,2,35,79,1,18,10,34,34,45,4,4,1,9,0,0,1,7,1,0,4
76561197960265861,59,3,36,15,12,0,1,2,4,1,0,1,0,32,31,2,5,5,28,32,33,3,1,0,2,5,0,1,2,0,0,3
76561197960265862,24,0,23,7,0,0,0,0,0,0,0,0,0,15,12,0,2,2,22,23,24,1,0,0,1,0,0,0,0,0,0,4
76561197960265866,19,1,19,5,2,0,1,4,0,1,0,0,0,14,6,0,1,2,15,15,15,1,0,0,1,0,1,0,0,1,0,2
76561197960265867,52,3,46,10,4,2,8,8,4,6,0,0,0,33,20,1,1,7,36,33,34,10,0,0,1,0,0,1,2,1,0,10
76561197960265874,17,0,17,4,0,0,0,0,0,0,0,0,0,12,8,0,0,0,17,17,17,0,0,0,0,0,0,0,0,0,0,2
76561197960265876,184,55,112,50,47,20,23,5,7,8,4,2,4,82,104,11,31,12,50,50,47,11,8,8,16,16,1,3,7,0,0,11
76561197960265879,20,0,20,6,0,0,0,0,0,0,0,0,0,12,11,0,1,0,19,20,20,0,0,0,1,0,0,0,0,0,0,2
76561197960265881,16,0,16,6,0,0,0,0,0,0,0,0,0,10,7,0,1,0,14,15,15,0,0,0,1,0,0,0,0,0,0,1
76561197960265884,21,0,21,4,0,0,0,0,0,0,0,0,0,13,12,0,0,0,21,21,21,0,0,0,0,0,0,0,0,0,0,2
76561197960265885,32,8,27,10,2,3,0,1,0,0,2,0,2,21,12,0,2,0,20,19,19,0,0,0,3,0,0,0,1,0,0,2
76561197960265895,13,0,13,4,0,0,0,0,0,0,0,0,0,9,7,0,0,0,13,13,13,0,0,0,0,0,0,0,0,0,0,1
76561197960265901,144,22,107,51,19,13,34,6,0,0,0,3,1,52,81,11,16,15,49,51,45,3,6,2,15,3,3,3,2,0,0,7
76561197960265906,42,4,30,9,3,2,2,0,0,0,1,0,2,24,24,0,1,2,23,22,22,1,1,0,2,1,1,0,3,0,0,2
76561197960265908,44,1,40,7,4,4,1,19,1,5,1,1,1,35,13,0,1,3,33,30,30,3,1,0,0,0,0,1,0,0,0,6
76561197960265909,37,8,30,12,1,0,2,2,1,0,0,1,0,21,19,3,8,3,28,30,26,3,0,0,1,0,0,0,0,0,0,3
76561197960265915,2,0,2,1,0,0,0,0,0,0,0,0,0,1,1,0,0,0,2,2,2,0,0,0,0,0,0,0,0,0,0,0
76561197960265916,118,21,75,24,30,40,6,13,2,4,5,0,6,56,63,2,7,4,40,40,44,3,2,1,2,2,1,0,3,0,0,4
76561197960265917,451,161,106,92,234,204,93,34,37,22,13,0,7,160,227,0,19,0,34,29,47,36,23,20,5,56,0,3,38,10,6,2
76561197960265919,17,0,17,4,0,0,0,0,0,0,0,0,0,12,8,0,0,0,17,17,17,0,0,0,0,0,0,0,0,0,0,2
76561197960265924,28,0,26,7,5,4,2,4,0,1,0,0,1,18,13,2,1,0,22,21,20,1,0,0,1,0,0,0,0,0,0,1
76561197960265928,17,1,16,4,1,2,0,1,0,0,0,0,0,12,8,0,0,0,16,16,16,0,0,0,0,0,0,0,0,0,0,1
76561197960265929,8,0,8,2,0,0,0,0,0,0,0,0,0,6,3,0,0,0,8,8,8,0,0,0,0,0,0,0,0,0,0,1
76561197960265937,33,0,32,4,2,2,1,1,0,0,0,0,1,27,16,1,0,5,29,28,25,2,0,0,0,0,0,0,0,0,0,8
76561197960265940,3,0,3,0,0,0,0,0,0,0,0,0,0,3,2,0,0,0,3,3,3,0,0,0,0,0,0,0,0,0,0,0
76561197960265942,1038,430,541,358,294,130,235,73,20,38,18,12,21,286,521,31,133,64,174,161,159,34,56,27,81,56,11,31,67,16,9,28
76561197960265945,201,78,113,80,23,15,31,4,3,2,7,1,4,59,100,11,34,17,55,52,51,3,9,3,21,2,3,2,2,0,3,5
76561197960265948,17,0,17,4,0,0,0,0,0,0,0,0,0,12,8,0,0,0,17,17,17,0,0,0,0,0,0,0,0,0,0,2
76561197960265954,8,0,8,2,0,0,0,0,0,0,0,0,0,6,3,0,0,0,8,8,8,0,0,0,0,0,0,0,0,0,0,1
76561197960265957,109,14,82,38,2,9,16,3,0,0,3,3,5,37,66,7,5,11,51,53,54,2,5,1,6,0,0,2,0,0,0,6
76561197960265961,125,7,103,31,7,12,23,11,8,7,3,2,4,75,64,6,4,11,68,71,58,11,1,0,4,0,0,1,0,0,0,14
76561197960265973,18,0,18,5,0,0,0,0,0,0,0,0,0,12,9,0,0,0,18,18,18,0,0,0,0,0,0,0,0,0,0,2
76561197960265974,12,0,12,4,0,0,0,0,0,0,0,0,0,8,5,0,0,0,12,12,12,0,0,0,0,0,0,0,0,0,0,1
76561197960265980,27,1,22,6,2,2,0,0,0,0,1,0,1,19,16,0,1,0,20,20,20,0,0,0,1,1,0,0,0,0,0,3
76561197960265984,8,0,8,2,0,0,0,0,0,0,0,0,0,6,3,0,0,0,8,8,8,0,0,0,0,0,0,0,0,0,0,1
76561197960265988,34,5,27,12,5,1,4,1,2,0,0,0,0,20,16,0,1,0,22,22,23,2,0,0,1,0,0,1,3,0,0,2
76561197960265992,135,12,105,33,29,18,17,5,0,1,1,2,4,67,92,7,11,7,51,53,47,1,1,0,5,5,1,8,10,0,0,5
76561197960265993,12,0,12,4,0,0,0,0,0,0,0,0,0,8,5,0,0,0,12,12,12,0,0,0,0,0,0,0,0,0,0,1
76561197960265994,8,0,8,2,0,0,0,0,0,0,0,0,0,6,3,0,0,0,8,8,8,0,0,0,0,0,0,0,0,0,0,1
76561197960265999,257,45,148,93,60,16,29,6,2,2,9,1,13,86,147,8,15,11,46,41,44,2,11,1,30,28,4,5,26,1,4,2
76561197960266008,17,0,17,6,0,0,0,0,0,0,0,0,0,9,9,0,1,0,16,17,17,0,0,0,1,0,0,0,0,0,0,2
76561197960266010,353,145,214,140,48,30,43,6,7,0,4,15,16,85,152,25,44,21,77,62,50,7,15,3,33,7,6,3,6,0,6,11
76561197960266012,36,7,28,11,3,4,5,4,0,3,0,0,0,21,18,0,3,0,21,21,20,0,1,0,1,0,0,2,1,0,0,2
76561197960266020,30,0,30,4,6,6,2,2,0,0,0,0,1,18,12,1,1,2,23,26,23,0,0,0,1,0,0,0,0,0,0,2
76561197960266030,14,0,12,4,0,0,0,0,0,0,0,0,2,9,5,0,0,0,12,12,12,0,0,0,0,0,0,0,0,0,0,1
76561197960266039,48,12,43,9,2,4,3,16,2,3,0,2,0,34,11,4,0,2,33,37,32,3,1,0,0,0,1,0,0,0,0,8
76561197960266042,8,0,8,2,0,0,0,0,0,0,0,0,0,6,3,0,0,0,8,8,8,0,0,0,0,0,0,0,0,0,0,1
76561197960266043,14,0,14,4,0,0,0,0,0,0,0,0,0,10,6,0,0,0,13,13,13,0,0,0,0,0,0,0,0,0,0,1
76561197960266044,362,73,209,77,97,89,44,36,20,17,10,5,13,163,180,5,26,15,109,89,84,30,17,2,11,12,1,8,25,3,1,13
76561197960266049,27,1,25,5,0,0,8,0,2,1,1,0,0,15,10,0,2,0,19,22,18,1,0,0,1,0,0,1,0,0,0,2
76561197960266065,9,0,9,2,0,0,0,0,0,0,0,0,0,7,3,0,0,0,9,9,9,0,0,0,0,0,0,0,0,0,0,1
76561197960266066,15,0,15,4,0,0,0,0,0,0,0,0,0,10,8,0,1,0,14,15,15,0,0,0,1,0,0,0,0,0,0,1
76561197960266071,60,24,31,18,13,1,13,4,1,1,1,0,0,24,29,0,6,4,14,14,15,2,3,0,7,4,0,2,1,0,1,2
76561197960266072,44,2,30,10,14,0,3,4,0,2,0,0,0,31,26,0,2,0,22,23,23,0,0,0,1,4,0,0,8,2,0,1
76561197960266073,331,55,195,128,78,29,71,13,5,6,5,3,1,98,191,9,32,11,80,70,66,12,14,5,14,17,0,16,21,3,1,6
76561197960266090,26,3,23,7,1,0,0,0,0,0,0,0,0,13,16,0,2,0,21,22,24,0,0,0,1,0,0,0,1,0,0,2
76561197960266092,41,1,37,19,0,0,9,1,0,1,0,0,0,16,25,0,1,3,25,25,30,3,0,0,0,0,0,0,0,0,0,3
76561197960266099,8,0,8,2,0,0,0,0,0,0,0,0,0,6,3,0,0,0,8,8,8,0,0,0,0,0,0,0,0,0,0,1
76561197960266102,15,1,14,4,0,0,0,0,0,0,0,0,0,10,7,0,0,0,14,14,14,0,0,0,0,0,0,0,0,0,0,1
76561197960266104,72,2,64,28,3,4,2,8,4,8,1,1,1,47,31,2,2,3,43,39,37,9,0,0,2,0,1,0,1,1,0,8
76561197960266113,22,2,20,6,3,0,3,3,0,0,0,0,0,13,10,0,0,0,14,14,14,0,0,0,0,1,0,1,0,0,0,1
76561197960266120,31,9,23,10,1,4,1,1,0,0,0,0,0,12,16,0,10,2,19,20,24,1,4,0,1,0,0,0,0,0,0,4
76561197960266124,11,0,11,2,0,0,0,0,0,0,0,0,0,9,5,0,0,0,11,11,11,0,0,0,0,0,0,0,0,0,0,1
76561197960266130,153,10,132,29,10,4,29,12,3,3,2,5,8,69,88,12,4,12,84,78,69,4,0,0,3,0,1,5,8,2,1,11
76561197960266131,8,0,8,2,0,0,0,0,0,0,0,0,0,6,3,0,0,0,8,8,8,0,0,0,0,0,0,0,0,0,0,1
76561197960266137,197,37,111,45,60,44,15,7,4,5,7,3,6,89,102,6,10,10,56,54,65,14,8,6,4,13,2,0,18,0,0,7
76561197960266142,147,49,102,52,11,16,8,5,10,4,6,1,10,37,52,3,24,11,39,47,33,10,6,3,21,0,2,2,1,0,1,7
76561197960266144,22,0,22,6,0,0,0,1,0,0,0,0,0,14,11,0,1,0,21,22,22,0,0,0,1,0,0,0,0,0,0,2
76561197960266146,104,17,67,44,21,9,31,8,4,6,1,2,1,47,63,7,8,6,30,38,45,10,2,2,3,9,3,4,8,1,1,7
76561197960266160,153,39,93,46,32,15,17,3,1,0,4,4,5,58,88,5,21,6,46,46,37,3,7,2,7,2,0,7,12,0,0,11
76561197960266163,8,0,8,2,0,0,0,0,0,0,0,0,0,6,3,0,0,0,8,8,8,0,0,0,0,0,0,0,0,0,0,1
76561197960266169,8,0,8,2,0,0,0,0,0,0,0,0,0,6,3,0,0,0,8,8,8,0,0,0,0,0,0,0,0,0,0,1
76561197960266172,164,26,97,31,34,14,8,6,2,0,1,4,6,67,95,3,24,9,54,46,41,3,3,2,12,9,2,0,17,0,1,6
76561197960266173,8,0,8,2,0,0,0,0,0,0,0,0,0,6,3,0,0,0,8,8,8,0,0,0,0,0,0,0,0,0,0,1
76561197960266174,269,153,150,95,49,47,47,3,3,0,6,3,7,53,108,13,36,20,44,35,33,9,17,6,27,7,2,6,4,0,5,12
76561197960266177,214,56,151,38,41,17,27,14,3,2,5,4,8,96,101,10,23,15,78,67,63,8,12,3,16,7,3,4,8,1,1,19
76561197960266188,10,0,10,2,0,0,0,0,0,0,0,0,0,8,5,0,0,0,10,10,10,0,0,0,0,0,0,0,0,0,0,1
76561197960266190,37,5,27,9,0,3,4,1,0,0,0,0,0,20,19,0,3,3,24,23,24,0,1,0,0,0,1,2,0,0,0,2
76561197960266193,26,0,24,7,1,0,3,3,1,0,0,0,0,16,11,1,0,5,21,21,21,6,0,0,0,0,0,0,1,0,0,6
76561197960266195,19,1,15,5,0,1,0,0,0,0,4,0,4,14,10,0,1,0,14,14,14,0,0,0,1,0,0,0,0,0,0,1
76561197960266212,33,0,31,12,0,0,8,1,0,0,0,0,0,14,21,0,0,6,28,27,26,0,1,0,0,0,0,2,0,0,0,2
76561197960266219,341,153,197,124,41,17,65,10,6,6,7,2,13,70,160,10,60,24,69,72,80,11,20,8,44,4,2,7,7,3,0,9
76561197960266225,165,17,133,57,16,3,44,9,4,2,0,2,0,73,86,16,5,27,76,70,63,13,1,2,4,1,4,2,4,2,8,16
76561197960266231,236,70,171,57,38,7,53,5,0,0,1,6,3,71,144,16,28,20,79,78,62,6,14,2,25,17,2,5,5,0,4,11
76561197960266235,8,0,8,2,0,0,0,0,0,0,0,0,0,6,3,0,0,0,8,8,8,0,0,0,0,0,0,0,0,0,0,1
76561197960266237,375,158,217,121,69,52,59,9,9,6,9,8,20,112,188,17,52,38,87,71,78,15,24,7,40,17,4,11,8,0,1,24
76561197960266239,8,0,8,2,0,0,0,0,0,0,0,0,0,6,3,0,0,0,8,8,8,0,0,0,0,0,0,0,0,0,0,1
76561197960266240,14,0,14,4,0,0,0,0,0,0,0,0,0,9,6,0,0,0,13,13,13,0,0,0,0,0,0,0,0,0,0,1
76561197960266244,21,0,20,5,1,0,0,3,0,0,0,0,0,15,7,0,2,2,18,19,20,1,0,0,1,0,0,0,0,0,0,3
76561197960266252,369,88,186,118,105,31,81,8,2,4,6,1,13,99,198,12,41,26,61,52,60,10,14,5,35,37,6,13,30,1,2,9
76561197960266264,137,2,109,34,12,22,3,4,8,2,5,1,11,83,77,3,5,6,72,69,59,9,1,0,4,0,1,0,1,0,0,9
76561197960266273,12,0,12,4,0,0,0,0,0,0,0,0,0,8,5,0,0,0,12,12,12,0,0,0,0,0,0,0,0,0,0,1
76561197960266275,17,1,16,4,0,0,0,0,0,0,0,0,0,9,8,0,1,0,16,16,16,0,0,0,0,0,0,0,0,0,0,1
76561197960266277,8,0,8,2,0,0,0,0,0,0,0,0,0,6,3,0,0,0,8,8,8,0,0,0,0,0,0,0,0,0,0,1
76561197960266278,47,7,35,11,17,4,5,3,2,1,0,0,0,31,22,0,1,1,24,24,24,2,1,0,1,2,0,0,10,0,1,3
76561197960266287,18,1,17,3,0,1,0,1,0,0,0,0,0,14,9,0,0,1,17,17,17,1,0,0,0,0,0,0,0,0,0,4
76561197960266292,567,287,300,227,129,39,105,19,6,7,7,5,9,151,296,10,133,16,84,82,84,14,47,11,81,23,1,17,24,3,7,14
76561197960266299,9,0,9,2,0,0,0,0,0,0,0,0,0,7,3,0,0,0,9,9,9,0,0,0,0,0,0,0,0,0,0,1
76561197960266301,20,0,17,7,2,2,1,1,1,1,0,0,0,14,5,0,0,0,16,15,14,2,1,0,0,0,0,0,0,0,0,1
76561197960266309,73,8,58,16,13,9,4,12,5,6,3,1,4,57,26,3,1,2,41,41,39,6,2,0,3,3,0,0,3,1,0,6
76561197960266316,18,0,18,5,0,0,0,0,0,0,0,0,0,12,9,0,0,0,18,18,18,0,0,0,0,0,0,0,0,0,0,2
76561197960266334,25,1,18,5,4,2,0,0,0,0,0,0,0,15,12,0,0,0,18,18,19,0,0,0,0,2,0,0,0,0,0,2
76561197960266340,18,0,16,8,0,0,0,0,0,0,0,0,0,10,10,0,2,0,16,16,16,0,0,0,0,0,0,0,0,0,0,1
76561197960266348,71,14,56,18,9,2,8,7,3,6,1,2,2,41,22,5,5,4,32,33,30,7,5,1,7,1,0,3,1,2,0,6
76561197960266350,16,0,15,5,0,0,1,1,0,1,0,0,0,11,7,0,0,0,14,14,14,0,0,0,0,0,0,0,0,1,0,1
76561197960266356,174,44,75,52,62,27,10,12,5,6,7,1,9,79,92,8,13,12,30,28,28,9,7,3,8,26,2,2,15,1,0,5
76561197960266370,327,49,174,83,91,60,46,18,16,11,7,4,7,136,163,10,11,14,93,101,85,23,7,3,4,25,0,3,12,4,3,13
76561197960266371,32,7,26,11,3,3,4,1,0,0,1,0,0,11,18,0,5,2,16,17,18,0,1,0,6,0,0,0,0,0,0,1
76561197960266389,8,0,8,2,0,0,0,0,0,0,0,0,0,6,3,0,0,0,8,8,8,0,0,0,0,0,0,0,0,0,0,1
76561197960266407,113,36,77,29,17,4,25,5,0,0,1,1,1,42,62,1,18,6,39,37,38,5,8,1,9,2,1,6,7,0,0,5
76561197960266416,17,0,17,6,0,0,0,1,0,0,0,0,0,10,8,0,1,0,16,17,17,0,0,0,1,0,0,0,0,0,0,1
76561197960266422,41,1,35,11,4,3,3,1,0,1,0,0,0,25,28,0,3,0,27,29,29,0,0,0,1,1,0,0,1,0,0,2
76561197960266423,42,3,19,8,19,6,4,4,0,0,0,0,0,25,26,0,0,0,16,16,16,0,1,0,0,12,0,0,2,0,0,2
76561197960266429,8,0,8,2,0,0,0,0,0,0,0,0,0,6,3,0,0,0,8,8,8,0,0,0,0,0,0,0,0,0,0,1
76561197960266440,290,95,184,84,56,27,45,31,2,7,11,2,17,105,161,10,45,9,64,60,54,5,19,4,34,16,2,8,5,2,0,9
76561197960266448,83,28,60,17,19,4,16,12,4,1,4,0,2,45,38,1,10,3,27,28,29,11,7,3,5,1,0,6,1,0,0,8
76561197960266455,400,195,302,79,87,34,61,64,23,26,20,12,15,205,139,33,22,32,112,99,72,26,38,22,48,18,3,11,15,6,0,18
76561197960266457,17,0,17,4,0,0,0,0,0,0,0,0,0,12,8,0,0,0,17,17,17,0,0,0,0,0,0,0,0,0,0,2
76561197960266471,19,0,19,5,0,0,0,0,0,0,0,0,0,13,9,0,0,1,19,19,19,0,0,0,0,0,0,0,0,0,0,3
76561197960266476,139,24,60,17,66,24,5,4,1,0,2,0,2,67,85,1,10,5,28,30,30,4,4,2,3,18,0,3,19,0,0,5
76561197960266481,13,0,13,2,1,0,0,1,0,0,0,0,0,11,5,0,0,0,12,12,12,0,0,0,0,0,0,0,0,0,0,1
76561197960266482,107,19,83,27,17,19,11,21,3,7,4,1,10,63,54,5,6,4,54,48,40,6,3,0,2,1,0,1,2,2,0,7
76561197960266484,50,2,37,10,7,8,1,3,2,2,0,1,2,29,30,1,3,2,30,29,31,3,0,0,1,0,0,0,0,0,0,2
76561197960266489,98,22,72,31,17,5,27,13,3,3,1,1,5,56,42,4,4,6,48,42,43,8,3,1,7,5,0,3,0,2,1,8
76561197960266493,38,1,33,9,3,3,2,7,3,5,4,0,3,26,15,1,1,2,24,26,22,5,0,0,1,0,0,1,0,1,0,5
76561197960266498,67,13,60,20,1,7,7,38,3,13,0,2,1,48,20,8,0,5,39,40,39,7,1,0,0,0,2,1,0,4,0,10
76561197960266501,742,371,426,237,150,108,119,153,40,50,38,17,37,219,220,31,63,58,137,119,124,32,24,7,60,17,11,9,19,19,14,31
76561197960266516,69,12,45,18,17,4,5,1,0,0,0,0,0,37,47,2,10,2,34,32,34,1,1,0,7,12,0,0,0,0,0,6
76561197960266519,146,37,117,47,12,6,22,12,3,2,2,1,4,64,89,10,18,16,71,66,63,9,7,0,13,0,0,2,1,0,0,13
76561197960266522,29,0,26,8,3,3,0,2,0,0,1,0,0,21,17,0,1,1,22,22,25,0,0,0,1,0,0,0,2,0,0,1
76561197960266526,56,3,46,18,6,4,3,3,0,0,3,0,3,33,31,1,2,1,28,29,30,1,1,0,1,0,0,1,5,0,0,3
76561197960266530,23,0,23,5,0,0,1,0,0,0,0,0,0,13,12,0,0,0,19,19,19,0,0,0,1,0,0,0,0,0,0,2
76561197960266531,664,275,305,379,47,29,93,29,3,5,4,10,7,98,352,28,137,89,89,92,96,12,28,8,82,5,23,23,10,1,4,17
76561197960266546,1457,514,778,547,286,185,240,58,14,24,35,25,48,382,713,69,186,144,262,229,217,62,62,24,119,61,33,37,73,7,17,70
76561197960266547,65,4,45,28,4,3,2,6,4,4,2,2,3,31,17,2,2,1,24,20,15,6,1,0,3,0,0,0,1,0,0,4
76561197960266549,8,0,8,2,0,0,0,0,0,0,0,0,0,6,3,0,0,0,8,8,8,0,0,0,0,0,0,0,0,0,0,1
76561197960266551,419,182,245,161,112,31,106,19,7,14,3,5,5,132,214,14,70,23,69,57,57,15,34,13,67,28,2,27,31,6,19,12
76561197960266553,13,0,13,4,0,0,0,0,0,0,0,0,0,9,5,0,0,0,13,13,13,0,0,0,0,0,0,0,0,0,0,1
76561197960266560,156,59,94,63,15,5,16,2,2,0,1,4,2,39,94,11,38,8,50,44,46,1,8,1,25,1,2,4,6,0,1,6
76561197960266561,189,67,107,51,55,47,33,36,13,12,4,4,6,95,77,10,13,13,45,42,45,23,5,2,3,6,1,4,15,2,1,14
76561197960266563,85,19,56,21,24,11,7,4,1,3,0,1,2,32,42,2,5,11,31,28,28,3,1,1,5,6,1,1,5,1,0,8
76561197960266564,118,49,77,29,34,20,11,5,1,0,7,1,7,49,63,3,23,5,32,30,37,2,6,1,10,5,1,2,7,0,0,1
76561197960266573,158,90,108,66,15,23,14,5,11,11,2,4,3,41,29,11,3,17,37,43,38,14,2,4,8,7,1,0,2,2,1,15
76561197960266579,1562,861,735,661,321,179,339,41,23,6,38,21,42,252,790,58,262,108,155,120,168,47,123,47,197,66,36,38,53,2,64,32
76561197960266580,40,6,29,7,8,10,1,14,5,7,1,0,0,26,16,0,1,0,23,22,18,6,0,0,0,0,0,0,0,0,0,3
76561197960266591,26,2,21,11,4,0,5,4,0,2,0,0,0,14,11,0,2,1,18,18,18,1,0,0,1,4,0,0,0,2,0,2
76561197960266615,127,12,84,52,14,4,19,5,1,1,1,4,2,44,72,1,14,9,41,33,30,7,4,2,10,9,2,0,1,0,1,6
76561197960266629,46,0,44,6,1,0,0,0,0,0,0,1,0,19,26,3,0,3,41,42,33,0,0,0,1,0,0,0,1,0,0,5
76561197960266632,8,3,6,2,2,0,1,1,0,0,0,0,0,4,3,0,0,2,2,2,3,0,1,0,0,0,0,0,0,0,0,0
76561197960266635,8,0,8,2,0,0,0,0,0,0,0,0,0,6,3,0,0,0,8,8,8,0,0,0,0,0,0,0,0,0,0,1
76561197960266640,422,48,287,163,48,15,41,9,1,0,3,6,5,106,244,25,49,38,137,128,107,5,11,0,34,8,5,1,24,0,2,11
76561197960266641,21,0,19,5,0,1,0,0,0,0,1,0,1,15,11,0,0,0,19,19,19,0,0,0,0,0,0,0,0,0,0,1
76561197960266642,117,24,74,30,25,40,15,22,8,10,6,1,10,64,47,7,6,9,37,41,46,18,3,0,2,0,1,0,3,1,0,9
76561197960266649,17,0,17,4,0,0,0,0,0,0,0,0,0,12,8,0,0,0,17,17,17,0,0,0,0,0,0,0,0,0,0,2
76561197960266678,47,2,39,18,5,4,3,6,0,1,1,0,1,22,20,0,3,3,23,23,24,1,0,0,2,0,0,0,0,0,0,3
76561197960266679,446,127,224,174,130,66,57,6,6,2,17,8,16,142,252,15,62,29,75,69,77,15,19,6,35,38,4,6,35,0,2,13
76561197960266685,8,0,8,2,0,0,0,0,0,0,0,0,0,6,3,0,0,0,8,8,8,0,0,0,0,0,0,0,0,0,0,1
76561197960266689,17,0,17,4,0,0,0,0,0,0,0,0,0,12,8,0,0,0,17,17,17,0,0,0,0,0,0,0,0,0,0,2
76561197960266692,158,11,127,45,11,6,10,3,0,1,0,4,1,59,77,5,5,10,89,79,63,8,1,1,9,1,0,1,1,0,0,12
76561197960266699,8,0,8,2,0,0,0,0,0,0,0,0,0,6,3,0,0,0,8,8,8,0,0,0,0,0,0,0,0,0,0,1
76561197960266700,31,2,15,8,15,0,2,2,0,0,0,0,0,21,18,0,2,0,11,11,12,0,0,0,1,13,0,0,0,0,0,1
76561197960266755,19,0,18,4,0,0,0,1,0,0,0,0,0,13,8,0,0,0,18,18,18,0,0,0,0,0,0,0,0,0,0,2
76561197960266758,15,0,15,4,0,0,0,0,0,0,0,0,0,10,6,0,0,0,15,15,15,0,0,0,0,0,0,0,0,0,0,2
76561197960266763,12,0,12,4,0,0,0,0,0,0,0,0,0,8,5,0,0,0,12,12,12,0,0,0,0,0,0,0,0,0,0,1
76561197960266780,8,0,8,2,0,0,0,0,0,0,0,0,0,6,3,0,0,0,8,8,8,0,0,0,0,0,0,0,0,0,0,1
76561197960266810,14,0,13,4,0,0,0,0,0,0,0,0,0,9,5,0,0,0,13,13,13,0,0,0,0,0,0,0,0,0,0,1
76561197960266818,357,109,231,116,55,42,43,11,3,3,8,5,17,112,205,25,47,45,109,105,102,12,18,1,26,4,6,8,9,1,1,19
76561197960266821,9,0,9,2,0,0,0,1,0,0,0,0,0,7,3,0,0,0,9,9,9,0,0,0,0,0,0,0,0,0,0,1
76561197960266823,58,9,36,14,20,8,3,1,0,0,1,0,1,34,28,0,3,2,25,25,27,2,1,0,5,14,0,0,2,0,0,3
76561197960266826,8,0,8,2,0,0,0,0,0,0,0,0,0,6,3,0,0,0,8,8,8,0,0,0,0,0,0,0,0,0,0,1
76561197960266831,21,0,20,7,1,0,0,3,0,0,0,0,0,11,9,0,0,0,17,17,17,0,0,0,0,0,0,0,0,0,0,2
76561197960266841,55,8,39,9,5,5,5,1,0,0,2,1,2,27,31,4,3,6,31,30,30,2,0,0,2,1,1,0,2,0,0,4
76561197960266845,63,2,52,14,6,2,0,5,1,2,0,0,1,40,34,2,3,3,48,42,41,4,2,0,1,3,0,0,0,0,0,8
76561197960266852,29,1,24,6,6,1,1,0,0,0,0,0,0,20,17,0,0,0,24,21,22,0,0,0,0,5,0,0,0,0,0,2
76561197960266859,12,0,12,4,0,0,0,0,0,0,0,0,0,8,5,0,0,0,12,12,12,0,0,0,0,0,0,0,0,0,0,1
76561197960266863,261,25,169,64,61,25,36,4,1,0,5,2,11,117,153,13,12,18,91,93,82,3,4,0,8,24,5,6,26,0,1,6
76561197960266865,29,0,28,8,1,2,2,3,1,2,0,0,1,18,13,0,1,1,24,25,26,1,0,0,1,0,0,0,0,0,0,3
76561197960266867,8,0,8,2,0,0,0,0,0,0,0,0,0,6,3,0,0,0,8,8,8,0,0,0,0,0,0,0,0,0,0,1
76561197960266870,8,0,8,2,0,0,0,0,0,0,0,0,0,6,3,0,0,0,8,8,8,0,0,0,0,0,0,0,0,0,0,1
76561197960266874,1060,466,517,360,216,146,183,23,22,8,21,8,42,184,384,33,165,70,163,141,122,23,39,18,102,34,20,16,32,4,30,33
76561197960266881,44,8,33,13,3,0,3,2,1,0,1,0,1,23,18,2,4,6,23,20,19,5,1,0,3,2,1,0,2,0,0,4
76561197960266882,119,8,95,28,2,13,5,9,1,1,3,2,13,65,64,9,4,9,66,56,49,5,1,0,3,0,1,0,0,0,0,7
76561197960266889,37,2,30,8,7,5,6,4,2,2,2,1,2,26,18,2,1,0,22,20,18,1,0,0,0,0,0,1,4,0,0,1
76561197960266896,10,0,10,2,0,0,0,0,0,0,0,0,0,8,3,0,0,0,10,10,10,0,0,0,0,0,0,0,0,0,0,1
76561197960266902,40,4,36,7,5,2,0,2,0,1,0,1,0,30,20,5,2,4,31,32,30,1,0,0,1,0,0,0,5,0,0,4
76561197960266904,440,146,237,135,98,47,60,23,9,12,10,6,11,134,220,15,53,21,103,85,72,17,22,4,29,16,3,13,23,2,4,17
76561197960266906,119,14,83,29,22,18,8,2,2,2,6,4,11,66,68,7,5,8,41,36,35,2,1,0,7,3,2,3,12,1,0,3
76561197960266910,18,2,15,4,0,3,0,2,0,0,1,0,1,13,8,0,0,0,14,14,14,0,0,0,0,0,0,0,0,0,0,2
76561197960266911,20,0,18,9,0,0,5,0,0,0,0,0,0,10,10,0,0,0,15,15,17,0,0,0,0,0,0,0,0,0,0,2
76561197960266912,72,8,39,12,17,11,15,6,3,2,0,0,0,32,32,0,2,1,32,29,26,2,3,0,1,6,0,4,0,0,0,3
76561197960266913,80,1,51,13,13,13,1,6,1,6,2,2,5,48,44,2,2,3,39,40,43,4,4,0,1,3,2,0,2,1,0,9
76561197960266915,41,9,37,8,6,1,10,4,0,3,0,2,1,25,13,4,5,2,20,25,18,1,0,0,5,0,0,2,2,0,0,3
76561197960266918,8,0,8,2,0,0,0,0,0,0,0,0,0,6,3,0,0,0,8,8,8,0,0,0,0,0,0,0,0,0,0,1
76561197960266923,52,1,43,9,7,7,5,1,2,1,1,0,2,33,24,1,0,0,32,34,29,1,0,0,0,0,0,0,0,0,0,4
76561197960266937,68,9,56,24,9,2,13,9,0,1,0,1,0,34,34,5,7,4,32,33,34,3,2,0,3,1,0,3,2,0,0,4
76561197960266945,2956,1432,1505,1194,535,298,448,29,62,26,36,67,92,458,1072,129,428,260,359,294,316,124,152,49,291,72,73,51,93,8,46,127
76561197960266952,10,0,10,3,0,0,0,0,0,0,0,0,0,8,4,0,0,0,10,9,10,0,0,0,0,0,0,0,0,0,0,1
76561197960266955,253,45,170,73,63,45,38,30,3,11,8,3,8,126,147,8,22,8,75,72,67,10,8,2,8,3,1,12,24,4,0,9
76561197960266960,137,10,108,36,3,16,17,36,4,3,8,3,8,64,59,5,2,10,72,58,63,5,2,0,1,1,3,4,0,1,0,9
76561197960266963,23,0,22,5,0,0,0,2,0,0,0,0,0,18,13,0,1,0,20,22,21,0,0,0,0,0,0,0,0,0,0,3
76561197960266964,17,0,17,4,0,0,0,0,0,0,0,0,0,12,8,0,0,0,17,17,17,0,0,0,0,0,0,0,0,0,0,2
76561197960266966,10,0,10,2,0,0,0,0,0,0,0,0,0,8,5,0,0,0,10,10,10,0,0,0,0,0,0,0,0,0,0,1
76561197960266967,17,0,17,6,0,0,0,0,0,0,0,0,0,11,9,0,0,0,14,14,14,0,0,0,0,0,0,0,0,0,0,3
76561197960266969,84,5,66,27,12,7,4,3,0,1,4,0,4,43,58,5,3,8,40,39,41,3,4,0,4,6,1,0,3,0,0,5
76561197960266970,336,42,194,61,84,37,62,8,2,3,3,4,13,127,154,16,20,21,105,91,75,10,8,1,13,19,4,6,29,0,2,15
76561197960266975,9,0,9,2,0,0,0,1,0,0,0,0,0,7,3,0,0,0,9,9,9,0,0,0,0,0,0,0,0,0,0,1
76561197960266977,159,11,84,52,45,10,21,4,0,0,2,0,5,55,93,1,15,10,41,30,36,4,5,1,7,24,1,1,14,0,3,6
76561197960266980,48,3,46,6,6,1,2,13,1,5,0,0,2,37,18,3,0,5,34,39,30,4,0,0,0,0,0,0,1,0,0,6
76561197960266987,16,0,16,6,0,0,0,1,0,0,0,0,0,10,7,0,0,0,16,16,16,0,0,0,0,0,0,0,0,0,0,1
76561197960267011,244,85,151,93,21,28,21,58,13,16,8,4,9,94,102,8,27,18,55,43,60,20,7,3,19,1,4,0,1,2,0,17
76561197960267012,44,1,30,5,7,6,3,6,0,2,4,0,0,28,19,3,0,2,26,24,23,3,0,0,0,0,0,1,0,2,0,3
76561197960267020,12,0,12,4,0,0,0,0,0,0,0,0,0,8,5,0,0,0,12,12,12,0,0,0,0,0,0,0,0,0,0,1
76561197960267022,119,16,44,20,60,31,9,2,3,4,0,0,0,52,73,0,5,2,27,23,28,4,10,1,0,28,0,0,13,0,0,5
76561197960267025,22,1,21,7,1,0,0,0,0,0,0,0,0,14,11,0,2,2,19,21,21,1,0,0,1,0,0,0,1,0,0,3
76561197960267034,8,0,8,2,0,0,0,0,0,0,0,0,0,6,3,0,0,0,8,8,8,0,0,0,0,0,0,0,0,0,0,1
76561197960267035,23,0,23,5,0,2,0,2,0,0,0,0,0,17,10,0,0,0,22,23,20,0,0,0,0,0,0,0,0,0,0,2
76561197960267039,155,40,93,55,39,5,31,10,2,2,0,3,1,62,89,7,21,9,40,41,40,5,10,1,17,12,2,9,11,0,0,7
76561197960267042,14,1,14,2,0,1,0,4,0,0,0,0,0,12,3,1,0,0,13,14,14,0,0,0,0,0,0,0,0,0,0,2
76561197960267044,24,5,20,7,4,2,1,2,1,0,1,0,1,13,10,0,2,1,16,17,17,0,0,0,1,0,1,0,0,0,0,2
76561197960267047,25,1,21,6,2,2,0,1,0,0,0,0,0,17,8,0,0,0,20,20,19,2,0,0,0,0,0,0,0,0,0,3
76561197960267051,8,0,8,2,0,0,0,0,0,0,0,0,0,6,3,0,0,0,8,8,8,0,0,0,0,0,0,0,0,0,0,1
76561197960267053,10,0,10,2,0,0,0,0,0,0,0,0,0,8,5,0,0,0,10,10,10,0,0,0,0,0,0,0,0,0,0,1
76561197960267054,12,0,12,4,0,0,0,0,0,0,0,0,0,8,5,0,0,0,12,12,12,0,0,0,0,0,0,0,0,0,0,1
76561197960267064,91,18,71,21,14,5,18,29,5,19,0,1,2,62,31,3,2,4,38,33,31,10,1,0,1,0,1,0,8,6,0,9
76561197960267068,136,5,87,16,41,12,7,2,1,1,1,2,2,73,89,5,4,4,69,75,62,3,2,0,3,12,0,0,12,0,0,10
76561197960267071,116,5,95,35,2,6,9,10,2,5,3,1,4,62,67,7,8,11,68,64,57,10,2,2,2,0,2,0,1,1,0,12
76561197960267078,17,0,17,4,0,2,0,1,0,0,0,0,0,13,8,0,0,0,16,17,14,0,0,0,0,0,0,0,0,0,0,1
76561197960267079,245,51,156,71,87,24,47,26,6,13,3,2,4,107,135,9,17,18,59,55,49,13,11,5,16,27,3,12,18,2,1,11
76561197960267085,17,0,17,5,0,0,0,1,0,0,0,0,0,12,10,2,0,0,17,17,16,0,0,0,0,0,0,0,0,0,0,1
76561197960267089,44,1,33,9,3,3,3,1,0,0,0,0,0,20,24,1,2,4,30,30,32,0,0,0,1,0,0,0,2,0,0,2
76561197960267091,10,0,10,4,0,0,0,0,0,0,0,0,0,6,5,0,0,0,10,10,10,0,0,0,0,0,0,0,0,0,0,1
76561197960267093,57,21,46,28,5,2,5,7,0,5,0,0,2,26,28,2,14,5,25,23,27,0,4,0,7,1,2,1,0,2,0,3
76561197960267097,73,18,55,26,6,14,9,6,1,1,4,2,6,36,36,5,3,6,20,19,22,6,1,0,4,1,1,4,1,0,0,4
76561197960267098,20,2,16,7,1,1,2,1,0,1,0,0,0,10,10,0,2,1,13,13,13,0,0,0,3,0,0,0,0,1,0,2
76561197960267100,27,0,26,4,1,0,0,0,0,0,0,0,0,21,16,0,0,0,25,25,25,0,0,0,0,0,0,0,1,0,0,4
76561197960267103,17,0,17,4,0,0,0,0,0,0,0,0,0,12,8,0,0,0,17,17,17,0,0,0,0,0,0,0,0,0,0,2
76561197960267107,8,0,8,2,0,0,0,0,0,0,0,0,0,6,3,0,0,0,8,8,8,0,0,0,0,0,0,0,0,0,0,1
76561197960267109,14,0,14,5,0,0,0,0,0,0,0,0,0,8,7,0,1,0,13,14,14,0,0,0,1,0,0,0,0,0,0,1
76561197960267113,77,13,53,19,14,24,3,8,13,5,4,2,5,43,26,4,3,6,29,33,34,11,0,0,1,1,2,1,2,0,0,5
76561197960267131,8,0,8,2,0,0,0,0,0,0,0,0,0,6,3,0,0,0,8,8,8,0,0,0,0,0,0,0,0,0,0,1
76561197960267136,8,0,8,2,0,0,0,0,0,0,0,0,0,6,3,0,0,0,8,8,8,0,0,0,0,0,0,0,0,0,0,1
76561197960267161,156,47,110,39,22,10,37,6,0,3,2,0,3,50,84,9,19,17,51,45,46,6,10,3,14,2,2,5,4,1,0,9
76561197960267164,11,0,11,2,0,0,0,0,0,0,0,0,0,9,5,0,0,0,11,11,11,0,0,0,0,0,0,0,0,0,0,1
76561197960267172,254,50,135,99,35,48,32,26,9,6,9,9,11,69,131,10,15,19,55,52,64,9,4,0,13,17,5,0,3,1,0,13
76561197960267175,16,0,14,3,2,2,0,3,1,0,0,0,1,12,4,1,0,2,13,11,14,3,1,0,0,0,0,0,1,0,0,3
76561197960267176,82,11,61,33,5,7,17,2,2,2,4,1,2,30,57,9,2,6,27,26,27,5,5,0,2,2,1,2,2,1,0,3
76561197960267184,92,28,54,28,17,21,3,4,5,0,1,0,2,44,49,3,10,3,35,34,35,9,6,3,3,4,0,0,4,0,0,5
76561197960267185,1050,539,582,348,190,133,207,457,47,159,28,14,26,350,183,26,88,58,139,123,110,44,30,12,60,19,20,9,24,62,12,41
76561197960267186,80,10,52,16,16,2,7,6,1,1,1,1,1,45,35,4,1,6,37,37,32,2,0,0,3,10,0,1,0,0,0,5
76561197960267196,10,0,10,3,0,0,0,0,0,0,0,0,0,7,4,0,0,0,10,10,10,0,0,0,0,0,0,0,0,0,0,1
76561197960267200,15,0,15,4,0,0,0,0,0,0,0,0,0,11,8,1,0,0,15,15,15,0,0,0,0,0,0,0,0,0,0,1
76561197960267207,23,0,20,7,3,1,1,3,0,0,0,0,0,16,10,0,0,1,18,16,17,1,0,0,0,1,0,0,1,0,0,2
76561197960267215,21,0,19,5,1,1,1,0,0,0,0,0,0,16,10,0,1,0,16,16,16,0,0,0,1,0,0,0,1,0,0,1
76561197960267219,15,0,15,4,0,0,0,1,0,0,0,0,0,10,6,0,1,1,14,15,15,1,0,0,1,0,0,0,0,0,0,2
